获奖年份,获奖类别（英文）,获奖类别（中文）,奖项,全名,出生日期,出生城市,出生国家,所属组织,逝世日期,逝世地点城市,逝世地点国家
1901,Medicine,医药,诺贝尔生理学或医学奖 1901 年,Emil Adolf von Behring,1854-03-15,汉斯多夫（劳伊斯）,普鲁士（波兰）,马尔堡大学,1917-03-31,马尔堡,德国
1901,Peace,和平,1901 年诺贝尔和平奖,Jean Henry Dunant,1828-05-08,日内瓦,瑞士,,1910-10-30,石楠,瑞士
1901,Peace,和平,1901 年诺贝尔和平奖,Frédéric Passy,1822-05-20,巴黎,法国,,1912-06-12,巴黎,法国
1901,Physics,物理,1901 年诺贝尔物理学奖,Wilhelm Conrad Röntgen,1845-03-27,伦纳普（雷姆沙伊德）,普鲁士,慕尼黑大学,1923-02-10,慕尼黑,德国
1902,Chemistry,化学,1902 年诺贝尔化学奖,Hermann Emil Fischer,1852-10-09,Euskirchen,普鲁士,柏林大学,1919-07-15,柏林,德国
1902,Literature,文学,1902 年诺贝尔文学奖,Christian Matthias Theodor Mommsen,1817-11-30,加丁,石勒苏益格（德国）,,1903-11-01,夏洛滕堡,德国
1902,Medicine,医药,诺贝尔生理学或医学奖 1902 年,Ronald Ross,1857-05-13,阿尔莫拉,印度,大学学院,1932-09-16,普特尼希斯,英国
1902,Peace,和平,1902 年诺贝尔和平奖,Élie Ducommun,1833-02-19,日内瓦,瑞士,,1906-12-07,伯尔尼,瑞士
1902,Peace,和平,1902 年诺贝尔和平奖,Charles Albert Gobat,1843-05-21,特拉梅兰,瑞士,,1914-03-16,伯尔尼,瑞士
1902,Physics,物理,1902 年诺贝尔物理学奖,Hendrik Antoon Lorentz,1853-07-18,阿纳姆,荷兰,莱顿大学,1928-02-04,,荷兰
1902,Physics,物理,1902 年诺贝尔物理学奖,Pieter Zeeman,1865-05-25,Zonnemaire,荷兰,阿姆斯特丹大学,1943-10-09,阿姆斯特丹,荷兰
1903,Chemistry,化学,1903 年诺贝尔化学奖,Svante August Arrhenius,1859-02-19,维克,瑞典,斯德哥尔摩大学,1927-10-02,斯德哥尔摩,瑞典
1903,Literature,文学,1903 年诺贝尔文学奖,Bjørnstjerne Martinus Bjørnson,1832-12-08,Kvikne,挪威,,1910-04-26,巴黎,法国
1903,Medicine,医药,诺贝尔生理学或医学奖 1903 年,Niels Ryberg Finsen,1860-12-15,索尔沙文,法罗群岛（丹麦）,芬森医用光源研究所,1904-09-24,哥本哈根,丹麦
1903,Peace,和平,1903 年诺贝尔和平奖,William Randal Cremer,1828-03-18,法雷厄姆,英国,,1908-07-22,伦敦,英国
1903,Physics,物理,1903 年诺贝尔物理学奖,Antoine Henri Becquerel,1852-12-15,巴黎,法国,理工学院,1908-08-25,,法国
1903,Physics,物理,1903 年诺贝尔物理学奖,Pierre Curie,1859-05-15,巴黎,法国,市立工业物理和化学学校（École municipale de physique et de chimie industrielles）,1906-04-19,巴黎,法国
1903,Physics,物理,1903 年诺贝尔物理学奖,"Marie Curie, née Sklodowska",1867-11-07,华沙,俄罗斯帝国（波兰）,,1934-07-04,萨朗什,法国
1904,Chemistry,化学,1904 年诺贝尔化学奖,Sir William Ramsay,1852-10-02,格拉斯哥,苏格兰,大学学院,1916-07-23,高威科姆,英国
1904,Literature,文学,1904 年诺贝尔文学奖,Frédéric Mistral,1830-09-08,马兰,法国,,1914-03-25,马兰,法国
1904,Literature,文学,1904 年诺贝尔文学奖,José Echegaray y Eizaguirre,1832-04-19,马德里,西班牙,,1916-09-04,马德里,西班牙
1904,Medicine,医药,诺贝尔生理学或医学奖 1904 年,Ivan Petrovich Pavlov,1849-09-14,梁赞,俄罗斯,军事医学院,1936-02-27,列宁格勒,俄罗斯
1904,Peace,和平,1904 年诺贝尔和平奖,Institut de droit international (Institute of International Law),,,,,,,
1904,Physics,物理,1904 年诺贝尔物理学奖,Lord Rayleigh (John William Strutt),1842-11-12,埃塞克斯郡马尔敦朗福德格鲁夫,英国,英国皇家学会,1919-06-30,,英国
1905,Chemistry,化学,1905 年诺贝尔化学奖,Johann Friedrich Wilhelm Adolf von Baeyer,1835-10-31,柏林,普鲁士,慕尼黑大学,1917-08-20,斯塔恩贝格,德国
1905,Literature,文学,1905 年诺贝尔文学奖,Henryk Sienkiewicz,1846-05-05,Wola Okrzejska,波兰,,1916-11-15,沃韦,瑞士
1905,Medicine,医药,诺贝尔生理学或医学奖 1905 年,Robert Koch,1843-12-11,克劳斯塔尔（克劳斯塔尔-泽勒费尔德）,德国,传染病研究所,1910-05-27,巴登-巴登,德国
1905,Peace,和平,1905 年诺贝尔和平奖,"Baroness Bertha Sophie Felicita von Suttner, née Countess Kinsky von Chinic und Tettau",1843-06-09,布拉格,奥地利帝国（捷克共和国）,,1914-06-21,维也纳,奥地利
1905,Physics,物理,1905 年诺贝尔物理学奖,Philipp Eduard Anton von Lenard,1862-06-07,普雷斯堡（布拉迪斯拉发）,匈牙利（斯洛伐克）,基尔大学,1947-05-20,梅塞尔豪森,德国
1906,Chemistry,化学,1906 年诺贝尔化学奖,Henri Moissan,1852-09-28,巴黎,法国,索邦大学,1907-02-20,巴黎,法国
1906,Literature,文学,1906 年诺贝尔文学奖,Giosuè Carducci,1835-07-27,卡斯特罗山谷,托斯卡纳（意大利）,,1907-02-16,博洛尼亚,意大利
1906,Medicine,医药,诺贝尔生理学或医学奖 1906 年,Camillo Golgi,1843-07-07,科尔特诺,意大利,帕维亚大学,1926-01-21,帕维亚,意大利
1906,Medicine,医药,诺贝尔生理学或医学奖 1906 年,Santiago Ramón y Cajal,1852-05-01,佩蒂利亚-德拉古,西班牙,马德里大学,1934-10-17,马德里,西班牙
1906,Peace,和平,1906 年诺贝尔和平奖,Theodore Roosevelt,1858-10-27,纽约州纽约市,美利坚合众国,,1919-01-06,纽约州牡蛎湾,美利坚合众国
1906,Physics,物理,1906 年诺贝尔物理学奖,Joseph John Thomson,1856-12-18,曼彻斯特附近的希瑟姆山,英国,剑桥大学,1940-08-30,剑桥,英国
1907,Chemistry,化学,1907 年诺贝尔化学奖,Eduard Buchner,1860-05-20,慕尼黑,巴伐利亚,农学院,1917-08-13,Focsani,罗马尼亚
1907,Literature,文学,1907 年诺贝尔文学奖,Rudyard Kipling,1865-12-30,孟买,英属印度,,1936-01-18,伦敦,英国
1907,Medicine,医药,诺贝尔生理学或医学奖 1907 年,Charles Louis Alphonse Laveran,1845-06-18,巴黎,法国,巴斯德研究所,1922-05-18,巴黎,法国
1907,Peace,和平,1907 年诺贝尔和平奖,Ernesto Teodoro Moneta,1833-09-20,米兰,奥地利帝国（意大利）,,1918-02-10,米兰,意大利
1907,Peace,和平,1907 年诺贝尔和平奖,Louis Renault,1843-05-21,Autun,法国,索邦大学,1918-02-08,巴比松,法国
1907,Physics,物理,1907 年诺贝尔物理学奖,Albert Abraham Michelson,1852-12-19,斯特雷尔诺,普鲁士（波兰）,芝加哥大学,1931-05-09,加利福尼亚州帕萨迪纳,美利坚合众国
1908,Chemistry,化学,1908 年诺贝尔化学奖,Ernest Rutherford,1871-08-30,纳尔逊,新西兰,维多利亚大学,1937-10-19,剑桥,英国
1908,Literature,文学,1908 年诺贝尔文学奖,Rudolf Christoph Eucken,1846-01-05,奥里希,东弗里斯兰（德国）,,1926-09-14,耶拿,德国
1908,Medicine,医药,诺贝尔生理学或医学奖 1908 年,Ilya Ilyich Mechnikov,1845-05-15,哈尔科夫（哈尔科夫）,俄罗斯帝国（乌克兰）,巴斯德研究所,1916-07-15,巴黎,法国
1908,Medicine,医药,诺贝尔生理学或医学奖 1908 年,Paul Ehrlich,1854-03-14,斯特雷伦（Strzelin）,普鲁士（波兰）,戈廷根大学,1915-08-20,巴特霍姆堡湖畔,德国
1908,Peace,和平,1908 年诺贝尔和平奖,Klas Pontus Arnoldson,1844-10-27,哥德堡,瑞典,,1916-02-20,斯德哥尔摩,瑞典
1908,Peace,和平,1908 年诺贝尔和平奖,Fredrik Bajer,1837-04-21,奈斯特韦德,丹麦,,1922-01-22,哥本哈根,丹麦
1908,Physics,物理,1908 年诺贝尔物理学奖,Gabriel Lippmann,1845-08-16,霍勒里希,卢森堡,索邦大学,1921-07-13,,
1909,Chemistry,化学,1909 年诺贝尔化学奖,Wilhelm Ostwald,1853-09-02,里加,俄罗斯帝国（拉脱维亚）,莱比锡大学,1932-04-04,莱比锡,德国
1909,Literature,文学,1909 年诺贝尔文学奖,Selma Ottilia Lovisa Lagerlöf,1858-11-20,松鸡山,瑞典,,1940-03-16,松鸡山,瑞典
1909,Medicine,医药,诺贝尔生理学或医学奖 1909 年,Emil Theodor Kocher,1841-08-25,伯尔尼,瑞士,伯尔尼大学,1917-07-27,伯尔尼,瑞士
1909,Peace,和平,1909 年诺贝尔和平奖,Auguste Marie François Beernaert,1829-07-26,奥斯坦德,比利时,,1912-10-06,卢塞恩,瑞士
1909,Peace,和平,1909 年诺贝尔和平奖,"Paul Henri Benjamin Balluet d'Estournelles de Constant, Baron de Constant de Rebecque",1852-11-22,La Flèche,法国,,1924-05-15,巴黎,法国
1909,Physics,物理,1909 年诺贝尔物理学奖,Guglielmo Marconi,1874-04-25,博洛尼亚,意大利,马可尼无线电报有限公司马可尼无线电报有限公司,1937-07-20,罗马,意大利
1909,Physics,物理,1909 年诺贝尔物理学奖,Karl Ferdinand Braun,1850-06-06,富尔达,黑森-卡塞尔（德国）,斯特拉斯堡大学,1918-04-20,纽约布鲁克林,美利坚合众国
1910,Chemistry,化学,1910 年诺贝尔化学奖,Otto Wallach,1847-03-27,科尼希斯贝格（加里宁格勒）,德国（俄罗斯）,戈廷根大学,1931-02-26,哥廷根,德国
1910,Literature,文学,1910 年诺贝尔文学奖,Paul Johann Ludwig Heyse,1830-03-15,柏林,普鲁士,,1914-04-02,慕尼黑,德国
1910,Medicine,医药,1910 年诺贝尔生理学或医学奖,Albrecht Kossel,1853-09-16,罗斯托克,梅克伦堡,海德堡大学,1927-07-05,海德堡,德国
1910,Peace,和平,1910 年诺贝尔和平奖,Bureau international permanent de la Paix (Permanent International Peace Bureau),,,,,,,
1910,Physics,物理,1910 年诺贝尔物理学奖,Johannes Diderik van der Waals,1837-11-23,莱顿,荷兰,阿姆斯特丹大学,1923-03-08,阿姆斯特丹,荷兰
1911,Chemistry,化学,1911 年诺贝尔化学奖,"Marie Curie, née Sklodowska",1867-11-07,华沙,俄罗斯帝国（波兰）,索邦大学,1934-07-04,萨朗什,法国
1911,Literature,文学,1911 年诺贝尔文学奖,Count Maurice (Mooris) Polidore Marie Bernhard Maeterlinck,1862-08-29,根特,比利时,,1949-05-06,尼斯,法国
1911,Medicine,医药,1911 年诺贝尔生理学或医学奖,Allvar Gullstrand,1862-06-05,兰茨克鲁纳,瑞典,乌普萨拉大学,1930-07-28,斯德哥尔摩,瑞典
1911,Peace,和平,1911 年诺贝尔和平奖,Tobias Michael Carel Asser,1838-04-28,阿姆斯特丹,荷兰,,1913-07-29,海牙,荷兰
1911,Peace,和平,1911 年诺贝尔和平奖,Alfred Hermann Fried,1864-11-11,维也纳,奥地利,,1921-05-05,维也纳,奥地利
1911,Physics,物理,1911 年诺贝尔物理学奖,Wilhelm Wien,1864-01-13,加夫肯（帕鲁斯诺耶）,普鲁士（俄罗斯）,维尔茨堡大学,1928-08-30,慕尼黑,德国
1912,Chemistry,化学,1912 年诺贝尔化学奖,Victor Grignard,1871-05-06,瑟堡,法国,南希大学,1935-12-13,里昂,法国
1912,Chemistry,化学,1912 年诺贝尔化学奖,Paul Sabatier,1854-11-05,卡尔卡送,法国,图卢兹大学,1941-08-14,图卢兹,法国
1912,Literature,文学,1912 年诺贝尔文学奖,Gerhart Johann Robert Hauptmann,1862-11-15,巴特萨尔茨布伦,普鲁士,,1946-06-06,阿涅滕多夫（雅格尼茨科夫）,德国（波兰）
1912,Medicine,医药,诺贝尔生理学或医学奖 1912 年,Alexis Carrel,1873-06-28,里昂圣佛伊莱斯,法国,洛克菲勒医学研究所,1944-11-05,巴黎,法国
1912,Peace,和平,1912 年诺贝尔和平奖,Elihu Root,1845-02-15,纽约州克林顿,美利坚合众国,,1937-02-07,纽约州纽约市,美利坚合众国
1912,Physics,物理,1912 年诺贝尔物理学奖,Nils Gustaf Dalén,1869-11-30,石头村,瑞典,瑞典气体蓄能器公司,1937-12-09,斯德哥尔摩,瑞典
1913,Chemistry,化学,1913 年诺贝尔化学奖,Alfred Werner,1866-12-12,穆尔豪斯,法国,苏黎世大学,1919-11-15,苏黎世,瑞士
1913,Literature,文学,1913 年诺贝尔文学奖,Rabindranath Tagore,1861-05-07,加尔各答,印度,,1941-08-07,加尔各答,印度
1913,Medicine,医药,1913 年诺贝尔生理学或医学奖,Charles Robert Richet,1850-08-26,巴黎,法国,索邦大学,1935-12-04,巴黎,法国
1913,Peace,和平,1913 年诺贝尔和平奖,Henri La Fontaine,1854-04-22,布鲁塞尔,比利时,,1943-05-14,布鲁塞尔,比利时
1913,Physics,物理,1913 年诺贝尔物理学奖,Heike Kamerlingh Onnes,1853-09-21,格罗宁根,荷兰,莱顿大学,1926-02-21,莱顿,荷兰
1914,Chemistry,化学,1914 年诺贝尔化学奖,Theodore William Richards,1868-01-31,宾夕法尼亚州日耳曼敦,美利坚合众国,哈佛大学,1928-04-02,马萨诸塞州剑桥市,美利坚合众国
1914,Medicine,医药,1914 年诺贝尔生理学或医学奖,Robert Bárány,1876-04-22,维也纳,奥地利,维也纳大学,1936-04-08,瑞典乌普萨拉,瑞典
1914,Physics,物理,1914 年诺贝尔物理学奖,Max von Laue,1879-10-09,普法芬多夫,德国,美因河畔法兰克福大学,1960-04-23,柏林,西德（德国）
1915,Chemistry,化学,1915 年诺贝尔化学奖,Richard Martin Willstätter,1872-08-13,卡尔斯鲁厄,德国,慕尼黑大学,1942-08-03,洛迦诺,瑞士
1915,Literature,文学,1915 年诺贝尔文学奖,Romain Rolland,1866-01-29,克拉姆西,法国,,1944-12-30,韦泽莱,法国
1915,Physics,物理,1915 年诺贝尔物理学奖,Sir William Henry Bragg,1862-07-02,威格顿,英国,大学学院,1942-03-12,伦敦,英国
1915,Physics,物理,1915 年诺贝尔物理学奖,William Lawrence Bragg,1890-03-31,阿德莱德,澳大利亚,维多利亚大学,1971-07-01,伊普斯维奇,英国
1916,Literature,文学,1916 年诺贝尔文学奖,Carl Gustaf Verner von Heidenstam,1859-07-06,奥尔沙马尔,瑞典,,1940-05-20,Övralid,瑞典
1917,Literature,文学,1917 年诺贝尔文学奖,Karl Adolph Gjellerup,1857-06-02,罗霍尔特,丹麦,,1919-10-11,Klotzsche,德国
1917,Literature,文学,1917 年诺贝尔文学奖,Henrik Pontoppidan,1857-07-24,腓特烈西亚,丹麦,,1943-08-21,奥德鲁普,丹麦
1917,Peace,和平,1917 年诺贝尔和平奖,Comité international de la Croix Rouge (International Committee of the Red Cross),,,,,,,
1917,Physics,物理,1917 年诺贝尔物理学奖,Charles Glover Barkla,1877-06-07,威德恩,英国,爱丁堡大学,1944-10-23,爱丁堡,苏格兰
1918,Chemistry,化学,1918 年诺贝尔化学奖,Fritz Haber,1868-12-09,布雷斯劳（弗罗茨瓦夫）,普鲁士（波兰）,凯泽-威廉物理化学和电化学研究所（现为弗里茨-哈伯研究所,1934-01-29,巴塞尔,瑞士
1918,Physics,物理,1918 年诺贝尔物理学奖,Max Karl Ernst Ludwig Planck,1858-04-23,基尔,石勒苏益格（德国）,柏林大学,1947-10-04,哥廷根,西德（德国）
1919,Literature,文学,1919 年诺贝尔文学奖,Carl Friedrich Georg Spitteler,1845-04-24,利斯塔尔,瑞士,,1924-12-29,卢塞恩,瑞士
1919,Medicine,医药,1919 年诺贝尔生理学或医学奖,Jules Bordet,1870-06-13,索尼,比利时,布鲁塞尔大学,1961-04-06,布鲁塞尔,比利时
1919,Peace,和平,1919 年诺贝尔和平奖,Thomas Woodrow Wilson,1856-12-28,弗吉尼亚州斯汤顿,美利坚合众国,,1924-02-03,华盛顿特区,美利坚合众国
1919,Physics,物理,1919 年诺贝尔物理学奖,Johannes Stark,1874-04-15,希肯霍夫,德国,格赖夫斯瓦尔德大学,1957-06-21,特劳恩斯坦,西德（德国）
1920,Chemistry,化学,1920 年诺贝尔化学奖,Walther Hermann Nernst,1864-06-25,布里森,普鲁士,柏林大学,1941-11-18,穆斯考,德国
1920,Literature,文学,1920 年诺贝尔文学奖,Knut Pedersen Hamsun,1859-08-04,Lom,挪威,,1952-02-19,格里姆斯塔,挪威
1920,Medicine,医药,1920 年诺贝尔生理学或医学奖,Schack August Steenberg Krogh,1874-11-15,格勒诺瓦,丹麦,哥本哈根大学,1949-09-13,哥本哈根,丹麦
1920,Peace,和平,1920 年诺贝尔和平奖,Léon Victor Auguste Bourgeois,1851-05-21,巴黎,法国,,1925-09-29,埃佩尔奈,法国
1920,Physics,物理,1920 年诺贝尔物理学奖,Charles Edouard Guillaume,1861-02-15,Fleurier,瑞士,国际计量局（Bureau International des Poids et Mesures）,1938-06-13,塞夫勒,法国
1921,Chemistry,化学,1921 年诺贝尔化学奖,Frederick Soddy,1877-09-02,伊斯特本,英国,牛津大学,1956-09-22,布莱顿,英国
1921,Literature,文学,1921 年诺贝尔文学奖,Anatole France,1844-04-16,巴黎,法国,,1924-10-12,卢瓦尔河畔圣西尔,法国
1921,Peace,和平,1921 年诺贝尔和平奖,Karl Hjalmar Branting,1860-11-23,瑞典斯德哥尔摩,瑞典,,1925-02-24,斯德哥尔摩,瑞典
1921,Peace,和平,1921 年诺贝尔和平奖,Christian Lous Lange,1869-09-17,挪威斯塔万格,挪威,,1938-12-11,挪威奥斯陆,挪威
1921,Physics,物理,1921 年诺贝尔物理学奖,Albert Einstein,1879-03-14,乌尔姆,德国,德皇威廉物理研究所（现为马克斯-普朗克物理研究所,1955-04-18,新泽西州普林斯顿,美利坚合众国
1922,Chemistry,化学,1922 年诺贝尔化学奖,Francis William Aston,1877-09-01,哈伯恩,英国,剑桥大学,1945-11-20,剑桥,英国
1922,Literature,文学,1922 年诺贝尔文学奖,Jacinto Benavente,1866-08-12,马德里,西班牙,,1954-07-14,马德里,西班牙
1922,Medicine,医药,诺贝尔生理学或医学奖 1922 年,Archibald Vivian Hill,1886-09-26,布里斯托尔,英国,伦敦大学,1977-06-03,剑桥,英国
1922,Medicine,医药,诺贝尔生理学或医学奖 1922 年,Otto Fritz Meyerhof,1884-04-12,汉诺威,德国,基尔大学,1951-10-06,宾夕法尼亚州费城,美利坚合众国
1922,Peace,和平,1922 年诺贝尔和平奖,Fridtjof Nansen,1861-10-10,克里斯蒂安尼亚（奥斯陆）,挪威,,1930-05-13,挪威奥斯陆,挪威
1922,Physics,物理,1922 年诺贝尔物理学奖,Niels Henrik David Bohr,1885-10-07,哥本哈根,丹麦,哥本哈根大学,1962-11-18,哥本哈根,丹麦
1923,Chemistry,化学,1923 年诺贝尔化学奖,Fritz Pregl,1869-09-03,莱巴赫（卢布尔雅那）,奥匈帝国（斯洛文尼亚）,格拉茨大学,1930-12-13,格拉茨,奥地利
1923,Literature,文学,1923 年诺贝尔文学奖,William Butler Yeats,1865-06-13,都柏林,爱尔兰,,1939-01-28,罗克布伦-卡普-马丁,法国
1923,Medicine,医药,诺贝尔生理学或医学奖 1923 年,Frederick Grant Banting,1891-11-14,阿利斯顿,加拿大,多伦多大学,1941-02-21,纽芬兰,加拿大
1923,Medicine,医药,诺贝尔生理学或医学奖 1923 年,John James Rickard Macleod,1876-09-06,克吕尼,苏格兰,多伦多大学,1935-03-16,香港仔,苏格兰
1923,Physics,物理,1923 年诺贝尔物理学奖,Robert Andrews Millikan,1868-03-22,伊利诺伊州莫里森,美利坚合众国,加州理工学院（Caltech）,1953-12-19,加利福尼亚州圣马力诺,美利坚合众国
1924,Literature,文学,1924 年诺贝尔文学奖,Wladyslaw Stanislaw Reymont,1867-05-07,Kobiele Wielkie,俄罗斯帝国（波兰）,,1925-12-05,华沙,波兰
1924,Medicine,医药,诺贝尔生理学或医学奖 1924 年,Willem Einthoven,1860-05-21,三宝垄,爪哇，荷属东印度群岛（印度尼西亚）,莱顿大学,1927-09-29,莱顿,荷兰
1924,Physics,物理,1924 年诺贝尔物理学奖,Karl Manne Georg Siegbahn,1886-12-03,隆德,瑞典,乌普萨拉大学,1978-09-26,Ängelholm,瑞典
1925,Chemistry,化学,1925 年诺贝尔化学奖,Richard Adolf Zsigmondy,1865-04-01,维也纳,奥地利帝国,戈廷根大学,1929-09-24,哥廷根,德国
1925,Literature,文学,1925 年诺贝尔文学奖,George Bernard Shaw,1856-07-26,都柏林,爱尔兰,,1950-11-02,阿约特-圣劳伦斯,英国
1925,Peace,和平,1925 年诺贝尔和平奖,Sir Austen Chamberlain,1863-10-16,伯明翰,英国,,1937-03-16,伦敦,英国
1925,Peace,和平,1925 年诺贝尔和平奖,Charles Gates Dawes,1865-08-27,俄亥俄州玛丽埃塔,美利坚合众国,,1951-04-23,伊利诺伊州埃文斯顿,美利坚合众国
1925,Physics,物理,1925 年诺贝尔物理学奖,James Franck,1882-08-26,汉堡,德国,戈廷根大学,1964-05-21,哥廷根,西德（德国）
1925,Physics,物理,1925 年诺贝尔物理学奖,Gustav Ludwig Hertz,1887-07-22,汉堡,德国,哈雷大学,1975-10-30,柏林,东德
1926,Chemistry,化学,1926 年诺贝尔化学奖,The (Theodor) Svedberg,1884-08-30,草甸,瑞典,乌普萨拉大学,1971-02-25,厄勒布鲁,瑞典
1926,Literature,文学,1926 年诺贝尔文学奖,Grazia Deledda,1871-09-27,撒丁岛努奥罗,意大利,,1936-08-15,罗马,意大利
1926,Medicine,医药,诺贝尔生理学或医学奖 1926 年,Johannes Andreas Grib Fibiger,1867-04-23,锡尔克堡,丹麦,哥本哈根大学,1928-01-30,哥本哈根,丹麦
1926,Peace,和平,1926 年诺贝尔和平奖,Aristide Briand,1862-03-28,南特,法国,,1932-03-07,巴黎,法国
1926,Peace,和平,1926 年诺贝尔和平奖,Gustav Stresemann,1878-05-10,柏林,德国,,1929-10-03,柏林,德国
1926,Physics,物理,1926 年诺贝尔物理学奖,Jean Baptiste Perrin,1870-09-30,里尔,法国,索邦大学,1942-04-17,纽约州纽约市,美利坚合众国
1927,Chemistry,化学,1927 年诺贝尔化学奖,Heinrich Otto Wieland,1877-06-04,普福尔茨海姆,德国,慕尼黑大学,1957-08-05,慕尼黑,西德（德国）
1927,Literature,文学,1927 年诺贝尔文学奖,Henri Bergson,1859-10-18,巴黎,法国,,1941-01-04,巴黎,法国
1927,Medicine,医药,诺贝尔生理学或医学奖 1927 年,Julius Wagner-Jauregg,1857-03-07,韦尔斯,奥地利,维也纳大学,1940-09-27,维也纳,奥地利
1927,Peace,和平,1927 年诺贝尔和平奖,Ferdinand Buisson,1841-12-20,巴黎,法国,,1932-02-16,蒂乌洛瓦-圣安托万,法国
1927,Peace,和平,1927 年诺贝尔和平奖,Ludwig Quidde,1858-03-23,不来梅,德国,,1941-03-04,日内瓦,瑞士
1927,Physics,物理,1927 年诺贝尔物理学奖,Arthur Holly Compton,1892-09-10,俄亥俄州伍斯特,美利坚合众国,芝加哥大学,1962-03-15,加利福尼亚州伯克利,美利坚合众国
1927,Physics,物理,1927 年诺贝尔物理学奖,Charles Thomson Rees Wilson,1869-02-14,格伦科斯,苏格兰,剑桥大学,1959-11-15,Carlops,苏格兰
1928,Chemistry,化学,1928 年诺贝尔化学奖,Adolf Otto Reinhold Windaus,1876-12-25,柏林,德国,戈廷根大学,1959-06-09,哥廷根,西德（德国）
1928,Literature,文学,1928 年诺贝尔文学奖,Sigrid Undset,1882-05-20,卡伦堡,丹麦,,1949-06-10,利勒哈默尔,挪威
1928,Medicine,医药,1928 年诺贝尔生理学或医学奖,Charles Jules Henri Nicolle,1866-09-21,鲁昂,法国,巴斯德研究所,1936-02-28,突尼斯,突尼斯
1928,Physics,物理,1928 年诺贝尔物理学奖,Owen Willans Richardson,1879-04-26,达斯伯里,英国,伦敦大学,1959-02-15,奥尔顿,英国
1929,Chemistry,化学,1929 年诺贝尔化学奖,Arthur Harden,1865-10-12,曼彻斯特,英国,伦敦大学,1940-06-17,伯恩,英国
1929,Chemistry,化学,1929 年诺贝尔化学奖,Hans Karl August Simon von Euler-Chelpin,1873-02-15,奥格斯堡,德国,斯德哥尔摩大学,1964-11-06,斯德哥尔摩,瑞典
1929,Literature,文学,1929 年诺贝尔文学奖,Thomas Mann,1875-06-06,吕贝克,德国,,1955-08-12,苏黎世,瑞士
1929,Medicine,医药,1929 年诺贝尔生理学或医学奖,Christiaan Eijkman,1858-08-11,奈凯尔克,荷兰,乌特勒支大学,1930-11-05,乌特勒支,荷兰
1929,Medicine,医药,1929 年诺贝尔生理学或医学奖,Sir Frederick Gowland Hopkins,1861-06-20,伊斯特本,英国,剑桥大学,1947-05-16,剑桥,英国
1929,Peace,和平,1929 年诺贝尔和平奖,Frank Billings Kellogg,1856-12-22,纽约州波茨坦,美利坚合众国,,1937-12-21,明尼苏达州圣保罗,美利坚合众国
1929,Physics,物理,1929 年诺贝尔物理学奖,Prince Louis-Victor Pierre Raymond de Broglie,1892-08-15,迪耶普,法国,索邦大学，亨利-庞加莱学院,1987-03-19,巴黎,法国
1930,Chemistry,化学,1930 年诺贝尔化学奖,Hans Fischer,1881-07-27,Hoechst,德国,技术大学（技术学院）,1945-03-31,慕尼黑,德国
1930,Literature,文学,1930 年诺贝尔文学奖,Sinclair Lewis,1885-02-07,明尼苏达州绍克中心,美利坚合众国,,1951-01-10,罗马,意大利
1930,Medicine,医药,1930 年诺贝尔生理学或医学奖,Karl Landsteiner,1868-06-14,维也纳,奥地利帝国,洛克菲勒医学研究所,1943-06-26,纽约州纽约市,美利坚合众国
1930,Peace,和平,1930 年诺贝尔和平奖,Lars Olof Jonathan (Nathan) Söderblom,1866-01-15,特罗诺,瑞典,,1931-07-12,瑞典乌普萨拉,瑞典
1930,Physics,物理,1930 年诺贝尔物理学奖,Sir Chandrasekhara Venkata Raman,1888-11-07,蒂鲁奇拉帕利,印度,加尔各答大学,1970-11-21,班加罗尔,印度
1931,Chemistry,化学,1931 年诺贝尔化学奖,Carl Bosch,1874-08-27,科隆,德国,海德堡大学,1940-04-26,海德堡,德国
1931,Chemistry,化学,1931 年诺贝尔化学奖,Friedrich Bergius,1884-10-11,弗罗茨瓦夫附近的戈德史密斯,德国（波兰）,海德堡大学,1949-03-30,布宜诺斯艾利斯,阿根廷
1931,Literature,文学,1931 年诺贝尔文学奖,Erik Axel Karlfeldt,1864-07-20,卡尔波,瑞典,,1931-04-08,斯德哥尔摩,瑞典
1931,Medicine,医药,1931 年诺贝尔生理学或医学奖,Otto Heinrich Warburg,1883-10-08,弗莱堡,德国,德皇威廉生物研究所（现为马克斯-普朗克研究所,1970-08-01,西柏林,西德（德国）
1931,Peace,和平,1931 年诺贝尔和平奖,Jane Addams,1860-09-06,伊利诺伊州塞达维尔,美利坚合众国,,1935-05-21,伊利诺伊州芝加哥,美利坚合众国
1931,Peace,和平,1931 年诺贝尔和平奖,Nicholas Murray Butler,1862-04-02,新泽西州伊丽莎白,美利坚合众国,哥伦比亚大学,1947-12-07,纽约州纽约市,美利坚合众国
1932,Chemistry,化学,1932 年诺贝尔化学奖,Irving Langmuir,1881-01-31,纽约布鲁克林,美利坚合众国,通用电气公司,1957-08-16,马萨诸塞州法尔茅斯,美利坚合众国
1932,Literature,文学,1932 年诺贝尔文学奖,John Galsworthy,1867-08-14,金斯顿山,英国,,1933-01-31,伦敦,英国
1932,Medicine,医药,1932 年诺贝尔生理学或医学奖,Sir Charles Scott Sherrington,1857-11-27,伦敦,英国,牛津大学,1952-03-04,伊斯特本,英国
1932,Medicine,医药,1932 年诺贝尔生理学或医学奖,Edgar Douglas Adrian,1889-11-30,伦敦,英国,剑桥大学,1977-08-08,剑桥,英国
1932,Physics,物理,1932 年诺贝尔物理学奖,Werner Karl Heisenberg,1901-12-05,维尔茨堡,德国,莱比锡大学,1976-02-01,慕尼黑,西德（德国）
1933,Literature,文学,1933 年诺贝尔文学奖,Ivan Alekseyevich Bunin,1870-10-22,沃罗涅日,俄罗斯,,1953-11-08,巴黎,法国
1933,Medicine,医药,1933 年诺贝尔生理学或医学奖,Thomas Hunt Morgan,1866-09-25,肯塔基州列克星敦,美利坚合众国,加州理工学院（Caltech）,1945-12-04,加利福尼亚州帕萨迪纳,美利坚合众国
1933,Peace,和平,1933 年诺贝尔和平奖,Sir Norman Angell (Ralph Lane),1872-12-26,霍尔贝奇,英国,,1967-10-07,克罗伊登,英国
1933,Physics,物理,1933 年诺贝尔物理学奖,Erwin Schrödinger,1887-08-12,维也纳,奥地利,柏林大学,1961-01-04,维也纳,奥地利
1933,Physics,物理,1933 年诺贝尔物理学奖,Paul Adrien Maurice Dirac,1902-08-08,布里斯托尔,英国,剑桥大学,1984-10-20,佛罗里达州塔拉哈西,美利坚合众国
1934,Chemistry,化学,1934 年诺贝尔化学奖,Harold Clayton Urey,1893-04-29,印第安纳州沃克顿,美利坚合众国,哥伦比亚大学,1981-01-05,加利福尼亚州拉霍亚,美利坚合众国
1934,Literature,文学,1934 年诺贝尔文学奖,Luigi Pirandello,1867-06-28,阿格里真托，西西里岛,意大利,,1936-12-10,罗马,意大利
1934,Medicine,医药,1934 年诺贝尔生理学或医学奖,George Hoyt Whipple,1878-08-28,新罕布什尔州阿什兰,美利坚合众国,罗切斯特大学,1976-02-01,纽约州罗切斯特,美利坚合众国
1934,Medicine,医药,1934 年诺贝尔生理学或医学奖,George Richards Minot,1885-12-02,马萨诸塞州波士顿,美利坚合众国,哈佛大学,1950-02-25,马萨诸塞州布鲁克莱恩,美利坚合众国
1934,Medicine,医药,1934 年诺贝尔生理学或医学奖,William Parry Murphy,1892-02-06,威斯康星州斯托顿,美利坚合众国,哈佛大学,1987-10-09,马萨诸塞州布鲁克莱恩,美利坚合众国
1934,Peace,和平,1934 年诺贝尔和平奖,Arthur Henderson,1863-09-13,格拉斯哥,苏格兰,,1935-10-20,伦敦,英国
1935,Chemistry,化学,1935 年诺贝尔化学奖,Frédéric Joliot,1900-03-19,巴黎,法国,镭研究所,1958-08-14,巴黎,法国
1935,Chemistry,化学,1935 年诺贝尔化学奖,Irène Joliot-Curie,1897-09-12,巴黎,法国,镭研究所,1956-03-17,巴黎,法国
1935,Medicine,医药,1935 年诺贝尔生理学或医学奖,Hans Spemann,1869-06-27,斯图加特,符腾堡州（德国）,弗赖堡大学,1941-09-12,弗莱堡,德国
1935,Peace,和平,1935 年诺贝尔和平奖,Carl von Ossietzky,1889-10-03,汉堡,德国,,1938-05-04,柏林,德国
1935,Physics,物理,1935 年诺贝尔物理学奖,James Chadwick,1891-10-20,曼彻斯特,英国,利物浦大学,1974-07-24,剑桥,英国
1936,Chemistry,化学,1936 年诺贝尔化学奖,Petrus (Peter) Josephus Wilhelmus Debye,1884-03-24,马斯特里赫特,荷兰,柏林大学,1966-11-02,纽约州伊萨卡,美利坚合众国
1936,Literature,文学,1936 年诺贝尔文学奖,Eugene Gladstone O'Neill,1888-10-16,纽约州纽约市,美利坚合众国,,1953-11-27,马萨诸塞州波士顿,美利坚合众国
1936,Medicine,医药,1936 年诺贝尔生理学或医学奖,Sir Henry Hallett Dale,1875-06-09,伦敦,英国,国家医学研究所,1968-07-23,剑桥,英国
1936,Medicine,医药,1936 年诺贝尔生理学或医学奖,Otto Loewi,1873-06-03,美因河畔法兰克福,德国,格拉茨大学,1961-12-25,纽约州纽约市,美利坚合众国
1936,Peace,和平,1936 年诺贝尔和平奖,Carlos Saavedra Lamas,1878-11-01,布宜诺斯艾利斯,阿根廷,,1959-05-05,布宜诺斯艾利斯,阿根廷
1936,Physics,物理,1936 年诺贝尔物理学奖,Victor Franz Hess,1883-06-24,佩高,奥地利,因斯布鲁克大学,1964-12-17,纽约州弗诺山,美利坚合众国
1936,Physics,物理,1936 年诺贝尔物理学奖,Carl David Anderson,1905-09-03,纽约州纽约市,美利坚合众国,加州理工学院（Caltech）,1991-01-11,加利福尼亚州圣马力诺,美利坚合众国
1937,Chemistry,化学,1937 年诺贝尔化学奖,Walter Norman Haworth,1883-03-19,乔利,英国,伯明翰大学,1950-03-19,伯明翰,英国
1937,Chemistry,化学,1937 年诺贝尔化学奖,Paul Karrer,1889-04-21,莫斯科,俄罗斯,苏黎世大学,1971-06-18,苏黎世,瑞士
1937,Literature,文学,1937 年诺贝尔文学奖,Roger Martin du Gard,1881-03-23,塞纳河畔诺伊伊,法国,,1958-08-22,贝莱姆,法国
1937,Medicine,医药,1937 年诺贝尔生理学或医学奖,Albert von Szent-Györgyi Nagyrápolt,1893-09-16,布达佩斯,奥匈帝国（匈牙利）,塞格德大学,1986-10-22,马萨诸塞州伍兹霍尔,美利坚合众国
1937,Peace,和平,1937 年诺贝尔和平奖,"Cecil of Chelwood, Viscount (Lord Edgar Algernon Robert Gascoyne Cecil)",1864-09-14,伦敦,英国,,1958-11-24,坦布里奇韦尔斯,英国
1937,Physics,物理,1937 年诺贝尔物理学奖,Clinton Joseph Davisson,1881-10-22,伊利诺伊州布卢明顿,美利坚合众国,贝尔电话实验室,1958-02-01,弗吉尼亚州夏洛茨维尔,美利坚合众国
1937,Physics,物理,1937 年诺贝尔物理学奖,George Paget Thomson,1892-05-03,剑桥,英国,伦敦大学,1975-09-10,剑桥,英国
1938,Chemistry,化学,1938 年诺贝尔化学奖,Richard Kuhn,1900-12-03,维也纳,奥匈帝国,德皇威廉医学研究所（现为马克斯-普朗克研究所,1967-07-31,海德堡,西德（德国）
1938,Literature,文学,1938 年诺贝尔文学奖,Pearl Buck,1892-06-26,西弗吉尼亚州希尔斯伯勒,美利坚合众国,,1973-03-06,弗吉尼亚州丹比,美利坚合众国
1938,Medicine,医药,1938 年诺贝尔生理学或医学奖,Corneille Jean François Heymans,1892-03-28,根特,比利时,根特大学,1968-07-18,克诺克,比利时
1938,Peace,和平,1938 年诺贝尔和平奖,Office international Nansen pour les Réfugiés (Nansen International Office for Refugees),,,,,,,
1938,Physics,物理,1938 年诺贝尔物理学奖,Enrico Fermi,1901-09-29,罗马,意大利,罗马大学,1954-11-28,伊利诺伊州芝加哥,美利坚合众国
1939,Chemistry,化学,1939 年诺贝尔化学奖,Adolf Friedrich Johann Butenandt,1903-03-24,不来梅港-莱赫,德国,德皇威廉生物化学研究所（现为马克斯-普朗克研究所,1995-01-18,慕尼黑,德国
1939,Chemistry,化学,1939 年诺贝尔化学奖,Leopold Ruzicka,1887-09-13,武科瓦尔,奥匈帝国（克罗地亚）,瑞士联邦理工学院,1976-09-26,苏黎世,瑞士
1939,Literature,文学,1939 年诺贝尔文学奖,Frans Eemil Sillanpää,1888-09-16,Hämeenkyrö,俄罗斯帝国（芬兰）,,1964-06-03,赫尔辛基,芬兰
1939,Medicine,医药,1939 年诺贝尔生理学或医学奖,Gerhard Domagk,1895-10-30,拉格,德国（波兰）,明斯特大学,1964-04-24,伯格贝里,西德（德国）
1939,Physics,物理,1939 年诺贝尔物理学奖,Ernest Orlando Lawrence,1901-08-08,坎顿，SD,美利坚合众国,加利福尼亚大学,1958-08-27,加利福尼亚州帕洛阿尔托,美利坚合众国
1943,Chemistry,化学,1943 年诺贝尔化学奖,George de Hevesy,1885-08-01,布达佩斯,奥匈帝国（匈牙利）,斯德哥尔摩大学,1966-07-05,弗莱堡,西德（德国）
1943,Medicine,医药,1943 年诺贝尔生理学或医学奖,Henrik Carl Peter Dam,1895-02-21,哥本哈根,丹麦,理工学院,1976-04-17,哥本哈根,丹麦
1943,Medicine,医药,1943 年诺贝尔生理学或医学奖,Edward Adelbert Doisy,1893-11-13,伊利诺伊州休姆,美利坚合众国,圣路易斯大学,1986-10-23,密苏里州圣路易斯市,美利坚合众国
1943,Physics,物理,1943 年诺贝尔物理学奖,Otto Stern,1888-02-17,索劳（佐里）,德国（波兰）,卡内基理工学院,1969-08-17,加利福尼亚州伯克利,美利坚合众国
1944,Chemistry,化学,1944 年诺贝尔化学奖,Otto Hahn,1879-03-08,美因河畔法兰克福,德国,德皇威廉化学研究所（现为马克斯-普朗克研究所,1968-07-28,哥廷根,西德（德国）
1944,Literature,文学,1944 年诺贝尔文学奖,Johannes Vilhelm Jensen,1873-01-20,法尔瑟,丹麦,,1950-11-25,哥本哈根,丹麦
1944,Medicine,医药,1944 年诺贝尔生理学或医学奖,Joseph Erlanger,1874-01-05,加利福尼亚州旧金山,美利坚合众国,华盛顿大学,1965-12-05,密苏里州圣路易斯市,美利坚合众国
1944,Medicine,医药,1944 年诺贝尔生理学或医学奖,Herbert Spencer Gasser,1888-07-05,威斯康星州普拉特维尔,美利坚合众国,洛克菲勒医学研究所,1963-05-11,纽约州纽约市,美利坚合众国
1944,Peace,和平,1944 年诺贝尔和平奖,Comité international de la Croix Rouge (International Committee of the Red Cross),,,,,,,
1944,Physics,物理,1944 年诺贝尔物理学奖,Isidor Isaac Rabi,1898-07-29,雷曼诺,奥匈帝国（波兰）,哥伦比亚大学,1988-01-11,纽约州纽约市,美利坚合众国
1945,Chemistry,化学,1945 年诺贝尔化学奖,Artturi Ilmari Virtanen,1895-01-15,赫尔辛基,俄罗斯帝国（芬兰）,赫尔辛基大学,1973-11-11,赫尔辛基,芬兰
1945,Literature,文学,1945 年诺贝尔文学奖,Gabriela Mistral,1889-04-07,维库尼亚,智利,,1957-01-10,纽约州亨普斯特德,美利坚合众国
1945,Medicine,医药,1945 年诺贝尔生理学或医学奖,Sir Alexander Fleming,1881-08-06,洛赫菲尔德,苏格兰,伦敦大学,1955-03-11,伦敦,英国
1945,Medicine,医药,1945 年诺贝尔生理学或医学奖,Ernst Boris Chain,1906-06-19,柏林,德国,牛津大学,1979-08-12,穆兰尼,爱尔兰
1945,Medicine,医药,1945 年诺贝尔生理学或医学奖,Sir Howard Walter Florey,1898-09-24,阿德莱德,澳大利亚,牛津大学,1968-02-21,牛津大学,英国
1945,Peace,和平,1945 年诺贝尔和平奖,Cordell Hull,1871-10-02,田纳西州奥林巴斯,美利坚合众国,,1955-07-23,马里兰州贝塞斯达,美利坚合众国
1945,Physics,物理,1945 年诺贝尔物理学奖,Wolfgang Pauli,1900-04-25,维也纳,奥地利,普林斯顿大学,1958-12-15,苏黎世,瑞士
1946,Chemistry,化学,1946 年诺贝尔化学奖,James Batcheller Sumner,1887-11-19,马萨诸塞州坎顿,美利坚合众国,康奈尔大学,1955-08-12,纽约州布法罗,美利坚合众国
1946,Chemistry,化学,1946 年诺贝尔化学奖,John Howard Northrop,1891-07-05,纽约州扬克斯,美利坚合众国,洛克菲勒医学研究所,1987-05-27,亚利桑那州威肯伯格,美利坚合众国
1946,Chemistry,化学,1946 年诺贝尔化学奖,Wendell Meredith Stanley,1904-08-16,印第安纳州里奇维尔,美利坚合众国,洛克菲勒医学研究所,1971-06-15,萨拉曼卡,西班牙
1946,Literature,文学,1946 年诺贝尔文学奖,Hermann Hesse,1877-07-02,Calw,德国,,1962-08-09,蒙塔格诺拉,瑞士
1946,Medicine,医药,1946 年诺贝尔生理学或医学奖,Hermann Joseph Muller,1890-12-21,纽约州纽约市,美利坚合众国,印第安纳大学,1967-04-05,,
1946,Peace,和平,1946 年诺贝尔和平奖,Emily Greene Balch,1867-01-08,马萨诸塞州牙买加平原（波士顿）,美利坚合众国,,1961-01-09,马萨诸塞州剑桥市,美利坚合众国
1946,Peace,和平,1946 年诺贝尔和平奖,John Raleigh Mott,1865-05-25,纽约州利文斯顿庄园,美利坚合众国,,1955-01-31,,美利坚合众国
1946,Physics,物理,1946 年诺贝尔物理学奖,Percy Williams Bridgman,1882-04-21,马萨诸塞州剑桥市,美利坚合众国,哈佛大学,1961-08-20,新罕布什尔州伦道夫,美利坚合众国
1947,Chemistry,化学,1947 年诺贝尔化学奖,Sir Robert Robinson,1886-09-13,切斯特菲尔德附近的拉夫德,英国,牛津大学,1975-02-08,大米森登,英国
1947,Literature,文学,1947 年诺贝尔文学奖,André Paul Guillaume Gide,1869-11-22,巴黎,法国,,1951-02-19,巴黎,法国
1947,Medicine,医药,1947 年诺贝尔生理学或医学奖,Carl Ferdinand Cori,1896-12-05,布拉格,奥匈帝国（捷克共和国）,华盛顿大学,1984-10-20,马萨诸塞州剑桥市,美利坚合众国
1947,Medicine,医药,1947 年诺贝尔生理学或医学奖,"Gerty Theresa Cori, née Radnitz",1896-08-15,布拉格,奥匈帝国（捷克共和国）,华盛顿大学,1957-10-26,密苏里州圣路易斯市,美利坚合众国
1947,Medicine,医药,1947 年诺贝尔生理学或医学奖,Bernardo Alberto Houssay,1887-04-10,布宜诺斯艾利斯,阿根廷,生物与实验医学研究所（生物与实验医学研究所）,1971-09-21,布宜诺斯艾利斯,阿根廷
1947,Peace,和平,1947 年诺贝尔和平奖,Friends Service Council (The Quakers),,,,,,,
1947,Peace,和平,1947 年诺贝尔和平奖,American Friends Service Committee (The Quakers),,,,,,,
1947,Physics,物理,1947 年诺贝尔物理学奖,Sir Edward Victor Appleton,1892-09-06,布拉德福德,英国,科学与工业研究部,1965-04-21,爱丁堡,苏格兰
1948,Chemistry,化学,1948 年诺贝尔化学奖,Arne Wilhelm Kaurin Tiselius,1902-08-10,瑞典斯德哥尔摩,瑞典,乌普萨拉大学,1971-10-29,瑞典乌普萨拉,瑞典
1948,Literature,文学,1948 年诺贝尔文学奖,Thomas Stearns Eliot,1888-09-26,密苏里州圣路易斯市,美利坚合众国,,1965-01-04,伦敦,英国
1948,Medicine,医药,1948 年诺贝尔生理学或医学奖,Paul Hermann Müller,1899-01-12,奥尔滕,瑞士,J.R. Geigy A.G.染料厂有限公司实验室,1965-10-12,巴塞尔,瑞士
1948,Physics,物理,1948 年诺贝尔物理学奖,Patrick Maynard Stuart Blackett,1897-11-18,伦敦,英国,维多利亚大学,1974-07-13,伦敦,英国
1949,Chemistry,化学,1949 年诺贝尔化学奖,William Francis Giauque,1895-05-12,尼亚加拉瀑布,加拿大,加利福尼亚大学,1982-03-28,加利福尼亚州伯克利,美利坚合众国
1949,Literature,文学,1949 年诺贝尔文学奖,William Faulkner,1897-09-25,密歇根州新奥尔巴尼,美利坚合众国,,1962-07-06,密歇根州拜哈里亚,美利坚合众国
1949,Medicine,医药,1949 年诺贝尔生理学或医学奖,Walter Rudolf Hess,1881-03-17,弗劳恩费尔德,瑞士,苏黎世大学,1973-08-12,阿斯科纳,瑞士
1949,Medicine,医药,1949 年诺贝尔生理学或医学奖,Antonio Caetano de Abreu Freire Egas Moniz,1874-11-29,阿凡卡,葡萄牙,里斯本大学,1955-12-13,里斯本,葡萄牙
1949,Peace,和平,1949 年诺贝尔和平奖,Lord (John) Boyd Orr of Brechin,1880-09-23,基尔摩斯,苏格兰,,1971-06-25,埃德塞尔,苏格兰
1949,Physics,物理,1949 年诺贝尔物理学奖,Hideki Yukawa,1907-01-23,东京,日本,京都帝国大学,1981-09-08,京都,日本
1950,Chemistry,化学,1950 年诺贝尔化学奖,Otto Paul Hermann Diels,1876-01-23,汉堡,德国,基尔大学,1954-03-07,基尔,西德（德国）
1950,Chemistry,化学,1950 年诺贝尔化学奖,Kurt Alder,1902-07-10,霍茹夫（Königshütte）,普鲁士（波兰）,科隆大学,1958-06-20,科隆,西德（德国）
1950,Literature,文学,1950 年诺贝尔文学奖,Earl (Bertrand Arthur William) Russell,1872-05-18,特雷勒克,英国,,1970-02-02,彭林德雷斯,英国
1950,Medicine,医药,1950 年诺贝尔生理学或医学奖,Edward Calvin Kendall,1886-03-08,康涅狄格州南诺沃克,美利坚合众国,梅奥诊所,1972-05-04,新泽西州普林斯顿,美利坚合众国
1950,Medicine,医药,1950 年诺贝尔生理学或医学奖,Tadeus Reichstein,1897-07-20,Wloclawek,波兰,巴塞尔大学,1996-08-01,巴塞尔,瑞士
1950,Medicine,医药,1950 年诺贝尔生理学或医学奖,Philip Showalter Hench,1896-02-28,宾夕法尼亚州匹兹堡,美利坚合众国,梅奥诊所,1965-03-30,奥乔里奥斯,牙买加
1950,Peace,和平,1950 年诺贝尔和平奖,Ralph Bunche,1904-08-07,密歇根州底特律,美利坚合众国,哈佛大学,1971-12-09,纽约州纽约市,美利坚合众国
1950,Physics,物理,1950 年诺贝尔物理学奖,Cecil Frank Powell,1903-12-05,汤布里奇,英国,布里斯托尔大学,1969-08-09,,意大利
1951,Chemistry,化学,1951 年诺贝尔化学奖,Edwin Mattison McMillan,1907-09-18,加利福尼亚州雷东多海滩,美利坚合众国,加利福尼亚大学,1991-09-07,加利福尼亚州埃尔塞里托,美利坚合众国
1951,Chemistry,化学,1951 年诺贝尔化学奖,Glenn Theodore Seaborg,1912-04-19,密歇根州伊什佩明,美利坚合众国,加利福尼亚大学,1999-02-25,加利福尼亚州拉斐特,美利坚合众国
1951,Literature,文学,1951 年诺贝尔文学奖,Pär Fabian Lagerkvist,1891-05-23,韦克舍,瑞典,,1974-07-11,斯德哥尔摩,瑞典
1951,Medicine,医药,1951 年诺贝尔生理学或医学奖,Max Theiler,1899-01-30,比勒陀利亚,南非,洛克菲勒基金会医学与公共卫生处实验室,1972-08-11,康涅狄格州纽黑文,美利坚合众国
1951,Peace,和平,1951 年诺贝尔和平奖,Léon Jouhaux,1879-07-01,巴黎,法国,,1954-04-28,巴黎,法国
1951,Physics,物理,1951 年诺贝尔物理学奖,Sir John Douglas Cockcroft,1897-05-27,谋杀死者,英国,原子能研究机构,1967-09-18,剑桥,英国
1951,Physics,物理,1951 年诺贝尔物理学奖,Ernest Thomas Sinton Walton,1903-10-06,邓加文,爱尔兰,三一学院,1995-06-25,贝尔法斯特,北爱尔兰
1952,Chemistry,化学,1952 年诺贝尔化学奖,Archer John Porter Martin,1910-03-01,伦敦,英国,国家医学研究所,2002-07-28,朗格朗,英国
1952,Chemistry,化学,1952 年诺贝尔化学奖,Richard Laurence Millington Synge,1914-10-28,利物浦,英国,罗威特研究所,1994-08-18,诺维奇,英国
1952,Literature,文学,1952 年诺贝尔文学奖,François Mauriac,1885-10-11,波尔多,法国,,1970-09-01,巴黎,法国
1952,Medicine,医药,1952 年诺贝尔生理学或医学奖,Selman Abraham Waksman,1888-07-22,普里卢卡（新普里卢卡）,俄罗斯帝国（乌克兰）,罗格斯大学,1973-08-16,马萨诸塞州海尼斯,美利坚合众国
1952,Peace,和平,1952 年诺贝尔和平奖,Albert Schweitzer,1875-01-14,凯瑟斯贝格,德国（法国）,,1965-09-04,兰巴雷内,加蓬
1952,Physics,物理,1952 年诺贝尔物理学奖,Felix Bloch,1905-10-23,苏黎世,瑞士,斯坦福大学,1983-09-10,苏黎世,瑞士
1952,Physics,物理,1952 年诺贝尔物理学奖,Edward Mills Purcell,1912-08-30,伊利诺伊州泰勒维尔,美利坚合众国,哈佛大学,1997-03-07,马萨诸塞州剑桥市,美利坚合众国
1953,Chemistry,化学,1953 年诺贝尔化学奖,Hermann Staudinger,1881-03-23,蠕虫,德国,弗莱堡大学,1965-09-08,弗莱堡,西德（德国）
1953,Literature,文学,1953 年诺贝尔文学奖,Sir Winston Leonard Spencer Churchill,1874-11-30,伍德斯托克,英国,,1965-01-24,伦敦,英国
1953,Medicine,医药,1953 年诺贝尔生理学或医学奖,Hans Adolf Krebs,1900-08-25,希尔德斯海姆,德国,谢菲尔德大学,1981-11-22,牛津大学,英国
1953,Medicine,医药,1953 年诺贝尔生理学或医学奖,Fritz Albert Lipmann,1899-06-12,科尼希斯贝格（加里宁格勒）,德国（俄罗斯）,哈佛医学院,1986-07-24,纽约州波基普西,美利坚合众国
1953,Peace,和平,1953 年诺贝尔和平奖,George Catlett Marshall,1880-12-31,宾夕法尼亚州尤尼恩敦,美利坚合众国,,1959-10-16,华盛顿特区,美利坚合众国
1953,Physics,物理,1953 年诺贝尔物理学奖,Frits Zernike,1888-07-16,阿姆斯特丹,荷兰,格罗宁根大学,1966-03-10,格罗宁根,荷兰
1954,Chemistry,化学,1954 年诺贝尔化学奖,Linus Carl Pauling,1901-02-28,俄勒冈州波特兰市,美利坚合众国,加州理工学院（Caltech）,1994-08-19,加利福尼亚州大苏尔,美利坚合众国
1954,Literature,文学,1954 年诺贝尔文学奖,Ernest Miller Hemingway,1899-07-21,伊利诺伊州橡树园,美利坚合众国,,1961-07-02,内华达州凯彻姆,美利坚合众国
1954,Medicine,医药,1954 年诺贝尔生理学或医学奖,John Franklin Enders,1897-02-10,康涅狄格州西哈特福德,美利坚合众国,哈佛医学院,1985-09-08,康涅狄格州沃特福德,美利坚合众国
1954,Medicine,医药,1954 年诺贝尔生理学或医学奖,Thomas Huckle Weller,1915-06-15,密歇根州安阿伯市,美利坚合众国,儿童医学中心传染病研究部,2008-08-23,马萨诸塞州尼德姆,美利坚合众国
1954,Medicine,医药,1954 年诺贝尔生理学或医学奖,Frederick Chapman Robbins,1916-08-25,阿拉巴马州奥本,美利坚合众国,西储大学,2003-08-04,俄亥俄州克利夫兰,美利坚合众国
1954,Peace,和平,1954 年诺贝尔和平奖,Office of the United Nations High Commissioner for Refugees (UNHCR),,,,,,,
1954,Physics,物理,1954 年诺贝尔物理学奖,Max Born,1882-12-11,布雷斯劳（弗罗茨瓦夫）,德国（波兰）,爱丁堡大学,1970-01-05,戈廷根,西德（德国）
1954,Physics,物理,1954 年诺贝尔物理学奖,Walther Bothe,1891-01-08,奥拉宁堡,德国,海德堡大学,1957-02-08,海德堡,西德（德国）
1955,Chemistry,化学,1955 年诺贝尔化学奖,Vincent du Vigneaud,1901-05-18,伊利诺伊州芝加哥,美利坚合众国,康奈尔大学,1978-12-11,纽约州怀特普莱恩斯,美利坚合众国
1955,Literature,文学,1955 年诺贝尔文学奖,Halldór Kiljan Laxness,1902-04-23,雷克雅未克,冰岛,,1998-02-08,雷克雅未克,冰岛
1955,Medicine,医药,1955 年诺贝尔生理学或医学奖,Axel Hugo Theodor Theorell,1903-07-06,林雪平,瑞典,卡罗林斯卡医学院、诺贝尔医学研究所,1982-08-15,斯德哥尔摩,瑞典
1955,Physics,物理,1955 年诺贝尔物理学奖,Willis Eugene Lamb,1913-07-12,加利福尼亚州洛杉矶,美利坚合众国,斯坦福大学,2008-05-15,亚利桑那州图森,美利坚合众国
1955,Physics,物理,1955 年诺贝尔物理学奖,Polykarp Kusch,1911-01-26,布兰肯堡,德国,哥伦比亚大学,1993-03-20,德克萨斯州达拉斯市,美利坚合众国
1956,Chemistry,化学,1956 年诺贝尔化学奖,Sir Cyril Norman Hinshelwood,1897-05-19,伦敦,英国,牛津大学,1967-10-09,伦敦,英国
1956,Chemistry,化学,1956 年诺贝尔化学奖,Nikolay Nikolaevich Semenov,1896-04-03,萨拉托夫,俄罗斯,苏联科学院化学物理研究所,1986-09-25,莫斯科,苏维埃社会主义共和国联盟
1956,Literature,文学,1956 年诺贝尔文学奖,Juan Ramón Jiménez,1881-12-24,莫格,西班牙,,1958-05-29,圣胡安,波多黎各
1956,Medicine,医药,1956 年诺贝尔生理学或医学奖,André Frédéric Cournand,1895-09-24,巴黎,法国,哥伦比亚大学贝尔维尤医院心肺实验室分部,1988-02-19,马萨诸塞州大巴林顿,美利坚合众国
1956,Medicine,医药,1956 年诺贝尔生理学或医学奖,Werner Forssmann,1904-08-29,柏林,德国,美因茨大学,1979-06-01,肖普夫海姆,西德（德国）
1956,Medicine,医药,1956 年诺贝尔生理学或医学奖,Dickinson W. Richards,1895-10-30,新泽西州奥兰治,美利坚合众国,哥伦比亚大学,1973-02-23,康涅狄格州莱克维尔,美利坚合众国
1956,Physics,物理,1956 年诺贝尔物理学奖,William Bradford Shockley,1910-02-13,伦敦,英国,贝克曼仪器公司半导体实验室,1989-08-12,加利福尼亚州帕洛阿尔托,美利坚合众国
1956,Physics,物理,1956 年诺贝尔物理学奖,John Bardeen,1908-05-23,威斯康星州麦迪逊,美利坚合众国,伊利诺伊大学,1991-01-30,马萨诸塞州波士顿,美利坚合众国
1956,Physics,物理,1956 年诺贝尔物理学奖,Walter Houser Brattain,1902-02-10,淘金,中国,贝尔电话实验室,1987-10-13,华盛顿州西雅图,美利坚合众国
1957,Chemistry,化学,1957 年诺贝尔化学奖,Lord (Alexander R.) Todd,1907-10-02,格拉斯哥,苏格兰,剑桥大学,1997-01-10,剑桥,英国
1957,Literature,文学,1957 年诺贝尔文学奖,Albert Camus,1913-11-07,蒙多维,法属阿尔及利亚（阿尔及利亚）,,1960-01-04,感官,法国
1957,Medicine,医药,1957 年诺贝尔生理学或医学奖,Daniel Bovet,1907-03-23,纳沙泰尔,瑞士,公共卫生研究所所长,1992-04-08,罗马,意大利
1957,Peace,和平,1957 年诺贝尔和平奖,Lester Bowles Pearson,1897-04-23,多伦多,加拿大,,1972-12-27,渥太华,加拿大
1957,Physics,物理,1957 年诺贝尔物理学奖,Chen Ning Yang,1922-09-22,何飞、安伟,中国,高等研究所,,,
1957,Physics,物理,1957 年诺贝尔物理学奖,Tsung-Dao (T.D.) Lee,1926-11-24,上海,中国,哥伦比亚大学,,,
1958,Chemistry,化学,1958 年诺贝尔化学奖,Frederick Sanger,1918-08-13,Rendcombe,英国,剑桥大学,2013-11-19,剑桥,英国
1958,Literature,文学,1958 年诺贝尔文学奖,Boris Leonidovich Pasternak,1890-02-10,莫斯科,俄罗斯,,1960-05-30,家庭影院,俄罗斯
1958,Medicine,医药,1958 年诺贝尔生理学或医学奖,George Wells Beadle,1903-10-22,东北部瓦胡,美利坚合众国,加州理工学院（Caltech）,1989-06-09,加利福尼亚州波莫纳,美利坚合众国
1958,Medicine,医药,1958 年诺贝尔生理学或医学奖,Edward Lawrie Tatum,1909-12-14,科罗拉多州博尔德,美利坚合众国,洛克菲勒医学研究所,1975-11-05,纽约州纽约市,美利坚合众国
1958,Medicine,医药,1958 年诺贝尔生理学或医学奖,Joshua Lederberg,1925-05-23,新泽西州蒙特克莱尔,美利坚合众国,威斯康星大学,2008-02-02,纽约州纽约市,美利坚合众国
1958,Peace,和平,1958 年诺贝尔和平奖,Georges Pire,1910-02-10,迪南,比利时,,1969-01-30,鲁汶,比利时
1958,Physics,物理,1958 年诺贝尔物理学奖,Pavel Alekseyevich Cherenkov,1904-07-28,新奇格拉,俄罗斯,列别杰夫物理研究所,1990-01-06,,苏维埃社会主义共和国联盟
1958,Physics,物理,1958 年诺贝尔物理学奖,Igor Yevgenyevich Tamm,1895-07-08,符拉迪沃斯托克,俄罗斯,莫斯科大学,1971-04-12,莫斯科,苏维埃社会主义共和国联盟（俄罗斯）
1958,Physics,物理,1958 年诺贝尔物理学奖,Il´ja Mikhailovich Frank,1908-10-23,列宁格勒（圣彼得堡）,俄罗斯,莫斯科大学,1990-06-22,莫斯科,苏维埃社会主义共和国联盟（俄罗斯）
1959,Chemistry,化学,1959 年诺贝尔化学奖,Jaroslav Heyrovsky,1890-12-20,布拉格,奥匈帝国（捷克共和国）,捷克斯洛伐克科学院极地研究所,1967-03-27,布拉格,捷克斯洛伐克
1959,Literature,文学,1959 年诺贝尔文学奖,Salvatore Quasimodo,1901-08-20,莫迪卡,意大利,,1968-06-14,那不勒斯,意大利
1959,Medicine,医药,1959 年诺贝尔生理学或医学奖,Severo Ochoa,1905-09-24,卢阿尔卡,西班牙,纽约大学医学院,1993-11-01,马德里,西班牙
1959,Medicine,医药,1959 年诺贝尔生理学或医学奖,Arthur Kornberg,1918-03-03,纽约布鲁克林,美利坚合众国,斯坦福大学,2007-10-26,加利福尼亚州斯坦福,美利坚合众国
1959,Peace,和平,1959 年诺贝尔和平奖,Philip J. Noel-Baker,1889-11-01,伦敦,英国,,1982-10-08,伦敦,英国
1959,Physics,物理,1959 年诺贝尔物理学奖,Emilio Gino Segrè,1905-02-01,蒂沃利,意大利,加利福尼亚大学,1989-04-22,加利福尼亚州拉斐特,美利坚合众国
1959,Physics,物理,1959 年诺贝尔物理学奖,Owen Chamberlain,1920-07-10,加利福尼亚州旧金山,美利坚合众国,加利福尼亚大学,2006-02-28,加利福尼亚州伯克利,美利坚合众国
1960,Chemistry,化学,1960 年诺贝尔化学奖,Willard Frank Libby,1908-12-17,科罗拉多州大峡谷,美利坚合众国,加利福尼亚大学,1980-09-08,加利福尼亚州洛杉矶,美利坚合众国
1960,Literature,文学,1960 年诺贝尔文学奖,Saint-John Perse,1887-05-31,皮特尔角,瓜德罗普岛,,1975-09-20,吉恩岛 Presqu'île-de-Giens,法国
1960,Medicine,医药,1960 年诺贝尔生理学或医学奖,Sir Frank Macfarlane Burnet,1899-09-03,特拉拉尔贡,澳大利亚,沃尔特和伊莱扎霍尔医学研究所,1985-08-31,墨尔本,澳大利亚
1960,Medicine,医药,1960 年诺贝尔生理学或医学奖,Peter Brian Medawar,1915-02-28,里约热内卢,巴西,大学学院,1987-10-02,伦敦,英国
1960,Peace,和平,1960 年诺贝尔和平奖,Albert John Lutuli,1898-01-01,布拉瓦约,南罗得西亚（津巴布韦）,,1967-07-21,斯坦杰,南非
1960,Physics,物理,1960 年诺贝尔物理学奖,Donald Arthur Glaser,1926-09-21,俄亥俄州克利夫兰,美利坚合众国,加利福尼亚大学,2013-02-28,加利福尼亚州伯克利,美利坚合众国
1961,Chemistry,化学,1961 年诺贝尔化学奖,Melvin Calvin,1911-04-08,明尼苏达州圣保罗,美利坚合众国,加利福尼亚大学,1997-01-08,加利福尼亚州伯克利,美利坚合众国
1961,Literature,文学,1961 年诺贝尔文学奖,Ivo Andric,1892-10-10,多拉克,波斯尼亚（波斯尼亚和黑塞哥维那）,,1975-03-13,贝尔格莱德,南斯拉夫（塞尔维亚）
1961,Medicine,医药,1961 年诺贝尔生理学或医学奖,Georg von Békésy,1899-06-03,布达佩斯,匈牙利,哈佛大学,1972-06-13,夏威夷州檀香山,美利坚合众国
1961,Peace,和平,1961 年诺贝尔和平奖,Dag Hjalmar Agne Carl Hammarskjöld,1905-07-29,瑞典延雪平,瑞典,,1961-09-18,恩多拉,北罗得西亚（赞比亚）
1961,Physics,物理,1961 年诺贝尔物理学奖,Robert Hofstadter,1915-02-05,纽约州纽约市,美利坚合众国,斯坦福大学,1990-11-17,加利福尼亚州斯坦福,美利坚合众国
1961,Physics,物理,1961 年诺贝尔物理学奖,Rudolf Ludwig Mössbauer,1929-01-31,慕尼黑,德国,技术大学,2011-09-14,,
1962,Chemistry,化学,1962 年诺贝尔化学奖,Max Ferdinand Perutz,1914-05-19,维也纳,奥地利,MRC 分子生物学实验室,2002-02-06,剑桥,英国
1962,Chemistry,化学,1962 年诺贝尔化学奖,John Cowdery Kendrew,1917-03-24,牛津大学,英国,MRC 分子生物学实验室,1997-08-23,剑桥,英国
1962,Literature,文学,1962 年诺贝尔文学奖,John Steinbeck,1902-02-27,加利福尼亚州萨利纳斯,美利坚合众国,,1968-12-20,纽约州纽约市,美利坚合众国
1962,Medicine,医药,1962 年诺贝尔生理学或医学奖,Francis Harry Compton Crick,1916-06-08,北安普顿,英国,MRC 分子生物学实验室,2004-07-28,加利福尼亚州圣地亚哥,美利坚合众国
1962,Medicine,医药,1962 年诺贝尔生理学或医学奖,James Dewey Watson,1928-04-06,伊利诺伊州芝加哥,美利坚合众国,哈佛大学,,,
1962,Medicine,医药,1962 年诺贝尔生理学或医学奖,Maurice Hugh Frederick Wilkins,1916-12-15,庞加罗亚,新西兰,伦敦大学,2004-10-05,伦敦,英国
1962,Peace,和平,1962 年诺贝尔和平奖,Linus Carl Pauling,1901-02-28,俄勒冈州波特兰市,美利坚合众国,加州理工学院（Caltech）,1994-08-19,加利福尼亚州大苏尔,美利坚合众国
1962,Physics,物理,1962 年诺贝尔物理学奖,Lev Davidovich Landau,1908-01-22,巴库,俄罗斯帝国（阿塞拜疆）,科学院,1968-04-01,莫斯科,苏维埃社会主义共和国联盟（俄罗斯）
1963,Chemistry,化学,1963 年诺贝尔化学奖,Karl Ziegler,1898-11-26,赫尔萨,德国,马克斯-普朗克碳研究所（Max Planck Institute for Carbon Research）,1973-08-12,米尔海姆,西德（德国）
1963,Chemistry,化学,1963 年诺贝尔化学奖,Giulio Natta,1903-02-26,英佩里亚,意大利,理工学院,1979-05-02,贝加莫,意大利
1963,Literature,文学,1963 年诺贝尔文学奖,Giorgos Seferis,1900-03-13,士麦娜（伊兹密尔）,奥斯曼帝国,,1971-09-20,雅典,希腊
1963,Medicine,医药,1963 年诺贝尔生理学或医学奖,Sir John Carew Eccles,1903-01-27,墨尔本,澳大利亚,澳大利亚国立大学,1997-05-02,反对,瑞士
1963,Medicine,医药,1963 年诺贝尔生理学或医学奖,Alan Lloyd Hodgkin,1914-02-05,班伯里,英国,剑桥大学,1998-12-20,剑桥,英国
1963,Medicine,医药,1963 年诺贝尔生理学或医学奖,Andrew Fielding Huxley,1917-11-22,汉普斯特德,英国,大学学院,2012-05-30,格兰切斯特,英国
1963,Peace,和平,1963 年诺贝尔和平奖,Comité international de la Croix Rouge (International Committee of the Red Cross),,,,,,,
1963,Peace,和平,1963 年诺贝尔和平奖,Ligue des Sociétés de la Croix-Rouge (League of Red Cross Societies),,,,,,,
1963,Physics,物理,1963 年诺贝尔物理学奖,Eugene Paul Wigner,1902-11-17,布达佩斯,奥匈帝国（匈牙利）,普林斯顿大学,1995-01-01,新泽西州普林斯顿,美利坚合众国
1963,Physics,物理,1963 年诺贝尔物理学奖,Maria Goeppert Mayer,1906-06-28,卡托维茨（卡托维兹）,德国（波兰）,加利福尼亚大学,1972-02-20,加利福尼亚州圣地亚哥,美利坚合众国
1963,Physics,物理,1963 年诺贝尔物理学奖,J. Hans D. Jensen,1907-06-25,汉堡,德国,海德堡大学,1973-02-11,海德堡,西德（德国）
1964,Chemistry,化学,1964 年诺贝尔化学奖,Dorothy Crowfoot Hodgkin,1910-05-12,开罗,埃及,牛津大学、皇家学会,1994-07-29,斯托尔河畔希普斯特,英国
1964,Literature,文学,1964 年诺贝尔文学奖,Jean-Paul Sartre,1905-06-21,巴黎,法国,,1980-04-15,巴黎,法国
1964,Medicine,医药,1964 年诺贝尔生理学或医学奖,Konrad Bloch,1912-01-21,内塞（尼萨）,德国（波兰）,哈佛大学,2000-10-15,马萨诸塞州伯灵顿,美利坚合众国
1964,Medicine,医药,1964 年诺贝尔生理学或医学奖,Feodor Lynen,1911-04-06,慕尼黑,德国,马克斯-普朗克细胞化学研究所,1979-08-06,慕尼黑,德国
1964,Peace,和平,1964 年诺贝尔和平奖,Martin Luther King Jr.,1929-01-15,佐治亚州亚特兰大,美利坚合众国,,1968-04-04,田纳西州孟菲斯市,美利坚合众国
1964,Physics,物理,1964 年诺贝尔物理学奖,Charles Hard Townes,1915-07-28,南卡罗来纳州格林维尔,美利坚合众国,麻省理工学院（MIT）,2015-01-27,加利福尼亚州伯克利,美利坚合众国
1964,Physics,物理,1964 年诺贝尔物理学奖,Nicolay Gennadiyevich Basov,1922-12-14,乌斯曼,苏维埃社会主义共和国联盟（俄罗斯）,列别杰夫物理研究所,2001-07-01,莫斯科,俄罗斯
1964,Physics,物理,1964 年诺贝尔物理学奖,Aleksandr Mikhailovich Prokhorov,1916-07-11,阿瑟顿,澳大利亚,列别杰夫物理研究所,2002-01-08,莫斯科,俄罗斯
1965,Chemistry,化学,1965 年诺贝尔化学奖,Robert Burns Woodward,1917-04-10,马萨诸塞州波士顿,美利坚合众国,哈佛大学,1979-07-08,马萨诸塞州剑桥市,美利坚合众国
1965,Literature,文学,1965 年诺贝尔文学奖,Mikhail Aleksandrovich Sholokhov,1905-05-24,维申斯卡亚,俄罗斯,,1984-02-21,维申斯卡亚,苏维埃社会主义共和国联盟
1965,Medicine,医药,1965 年诺贝尔生理学或医学奖,François Jacob,1920-06-17,南希,法国,巴斯德研究所,2013-04-19,巴黎,法国
1965,Medicine,医药,1965 年诺贝尔生理学或医学奖,André Lwoff,1902-05-08,艾奈堡,法国,巴斯德研究所,1994-09-30,巴黎,法国
1965,Medicine,医药,1965 年诺贝尔生理学或医学奖,Jacques Monod,1910-02-09,巴黎,法国,巴斯德研究所,1976-05-31,戛纳,法国
1965,Peace,和平,1965 年诺贝尔和平奖,United Nations Children's Fund (UNICEF),,,,,,,
1965,Physics,物理,1965 年诺贝尔物理学奖,Sin-Itiro Tomonaga,1906-03-31,京都,日本,东京教育大学,1979-07-08,东京,日本
1965,Physics,物理,1965 年诺贝尔物理学奖,Julian Schwinger,1918-02-12,纽约州纽约市,美利坚合众国,哈佛大学,1994-07-16,加利福尼亚州洛杉矶,美利坚合众国
1965,Physics,物理,1965 年诺贝尔物理学奖,Richard P. Feynman,1918-05-11,纽约州纽约市,美利坚合众国,加州理工学院（Caltech）,1988-02-15,加利福尼亚州洛杉矶,美利坚合众国
1966,Chemistry,化学,1966 年诺贝尔化学奖,Robert S. Mulliken,1896-06-07,马萨诸塞州纽伯里波特,美利坚合众国,芝加哥大学,1986-10-31,弗吉尼亚州阿灵顿,美利坚合众国
1966,Literature,文学,1966 年诺贝尔文学奖,Shmuel Yosef Agnon,1888-07-17,布查茨（布查赫）,奥匈帝国（乌克兰）,,1970-02-17,雷霍沃特,以色列
1966,Literature,文学,1966 年诺贝尔文学奖,Nelly Sachs,1891-12-10,柏林,德国,,1970-05-12,斯德哥尔摩,瑞典
1966,Medicine,医药,1966 年诺贝尔生理学或医学奖,Peyton Rous,1879-10-05,马里兰州巴尔的摩,美利坚合众国,洛克菲勒大学,1972-02-16,纽约州纽约市,美利坚合众国
1966,Medicine,医药,1966 年诺贝尔生理学或医学奖,Charles Brenton Huggins,1901-09-22,哈利法克斯,加拿大,芝加哥大学，本-梅癌症研究实验室,1997-01-12,伊利诺伊州芝加哥,美利坚合众国
1966,Physics,物理,1966 年诺贝尔物理学奖,Alfred Kastler,1902-05-03,格布维勒,德国（法国）,诺尔男高级学校,1984-01-07,班铎,法国
1967,Chemistry,化学,1967 年诺贝尔化学奖,Manfred Eigen,1927-05-09,波鸿,德国,马克斯-普朗克物理化学研究所,,,
1967,Chemistry,化学,1967 年诺贝尔化学奖,Ronald George Wreyford Norrish,1897-11-09,剑桥,英国,物理化学研究所,1978-06-07,剑桥,英国
1967,Chemistry,化学,1967 年诺贝尔化学奖,George Porter,1920-12-06,斯坦福斯,英国,英国皇家学会,2002-08-31,坎特伯雷,英国
1967,Literature,文学,1967 年诺贝尔文学奖,Miguel Angel Asturias,1899-10-19,危地马拉城,危地马拉,,1974-06-09,马德里,西班牙
1967,Medicine,医药,1967 年诺贝尔生理学或医学奖,Ragnar Granit,1900-10-30,赫尔辛基,俄罗斯帝国（芬兰）,卡罗林斯卡学院,1991-03-12,斯德哥尔摩,瑞典
1967,Medicine,医药,1967 年诺贝尔生理学或医学奖,Haldan Keffer Hartline,1903-12-22,宾夕法尼亚州布卢姆斯堡,美利坚合众国,洛克菲勒大学,1983-03-17,马里兰州法尔斯顿,美利坚合众国
1967,Medicine,医药,1967 年诺贝尔生理学或医学奖,George Wald,1906-11-18,纽约州纽约市,美利坚合众国,哈佛大学,1997-04-12,马萨诸塞州剑桥市,美利坚合众国
1967,Physics,物理,1967 年诺贝尔物理学奖,Hans Albrecht Bethe,1906-07-02,斯特拉斯堡,德国（法国）,康奈尔大学,2005-03-06,纽约州伊萨卡,美利坚合众国
1968,Chemistry,化学,1968 年诺贝尔化学奖,Lars Onsager,1903-11-27,克里斯蒂安尼亚（奥斯陆）,挪威,耶鲁大学,1976-10-05,佛罗里达州科勒尔盖布尔斯,美利坚合众国
1968,Literature,文学,1968 年诺贝尔文学奖,Yasunari Kawabata,1899-06-11,大阪,日本,,1972-04-16,Zushi,日本
1968,Medicine,医药,1968 年诺贝尔生理学或医学奖,Robert W. Holley,1922-01-28,伊利诺伊州厄巴纳,美利坚合众国,康奈尔大学,1993-02-11,加利福尼亚州洛斯加托斯,美利坚合众国
1968,Medicine,医药,1968 年诺贝尔生理学或医学奖,Har Gobind Khorana,1922-01-09,拉普尔,印度,威斯康星大学,2011-11-09,马萨诸塞州康科德,美利坚合众国
1968,Medicine,医药,1968 年诺贝尔生理学或医学奖,Marshall W. Nirenberg,1927-04-10,纽约州纽约市,美利坚合众国,美国国立卫生研究院,2010-01-15,纽约州纽约市,美利坚合众国
1968,Peace,和平,1968 年诺贝尔和平奖,René Cassin,1887-10-05,巴约讷,法国,,1976-02-20,巴黎,法国
1968,Physics,物理,1968 年诺贝尔物理学奖,Luis Walter Alvarez,1911-06-13,加利福尼亚州旧金山,美利坚合众国,加利福尼亚大学,1988-09-01,加利福尼亚州伯克利,美利坚合众国
1969,Chemistry,化学,1969 年诺贝尔化学奖,Derek H. R. Barton,1918-09-08,格雷夫森德,英国,帝国学院,1998-03-16,德克萨斯州学院站,美利坚合众国
1969,Chemistry,化学,1969 年诺贝尔化学奖,Odd Hassel,1897-05-17,克里斯蒂安尼亚（奥斯陆）,挪威,奥斯陆大学,1981-05-11,挪威奥斯陆,挪威
1969,Economics,经济,1969 年瑞典银行经济科学奖,Ragnar Frisch,1895-03-03,挪威奥斯陆,挪威,奥斯陆大学,1973-01-31,挪威奥斯陆,挪威
1969,Economics,经济,1969 年瑞典银行经济科学奖,Jan Tinbergen,1903-04-12,海牙,荷兰,荷兰经济学院,1994-06-09,海牙,荷兰
1969,Literature,文学,1969 年诺贝尔文学奖,Samuel Beckett,1906-04-13,都柏林,爱尔兰,,1989-12-22,巴黎,法国
1969,Medicine,医药,1969 年诺贝尔生理学或医学奖,Max Delbrück,1906-09-04,柏林,德国,加州理工学院（Caltech）,1981-03-09,加利福尼亚州帕萨迪纳,美利坚合众国
1969,Medicine,医药,1969 年诺贝尔生理学或医学奖,Alfred D. Hershey,1908-12-04,密歇根州奥沃索,美利坚合众国,华盛顿卡内基研究所,1997-05-22,纽约州 Syosset,美利坚合众国
1969,Medicine,医药,1969 年诺贝尔生理学或医学奖,Salvador E. Luria,1912-08-13,都灵,意大利,麻省理工学院（MIT）,1991-02-06,马萨诸塞州列克星敦,美利坚合众国
1969,Peace,和平,1969 年诺贝尔和平奖,International Labour Organization (I.L.O.),,,,,,,
1969,Physics,物理,1969 年诺贝尔物理学奖,Murray Gell-Mann,1929-09-15,纽约州纽约市,美利坚合众国,加州理工学院（Caltech）,,,
